alpha,AV_acc,alpha_trained,is_trained_alpha
0.000000,0.005912,1.313011,0
0.500000,0.009535,1.313011,0
1.000000,0.081808,1.313011,0
1.313011,0.957666,1.313011,1
2.000000,0.019641,1.313011,0
3.000000,0.004767,1.313011,0
5.000000,0.004386,1.313011,0
