sigma_per_rms,val_acc
0.0000,0.932494
0.0010,0.931541
0.0050,0.933066
0.0100,0.932494
0.0500,0.923722
0.1000,0.894355
0.2000,0.735126
0.5000,0.212624
