sigma_per_rms,val_acc
0.0000,0.926964
0.0010,0.923722
0.0050,0.883105
0.0100,0.692029
0.0500,0.134249
0.1000,0.089054
0.2000,0.065599
0.5000,0.039664
